{"cameraMode":{"drawMode":0,"name":"Shaded","section":"Shading Mode"},"sceneLighting":false,"audioPlay":false,"sceneViewState":{"m_AlwaysRefresh":false,"showFog":false,"showSkybox":false,"showFlares":false,"showImageEffects":false,"showParticleSystems":false,"showVisualEffectGraphs":true,"m_FxEnabled":true},"in2DMode":false,"pivot":{"x":0.09412562847137451,"y":0.7341114282608032,"z":0.13404417037963868},"rotation":{"x":0.14681243896484376,"y":0.6215682029724121,"z":-0.12006184458732605,"w":0.7600573301315308},"size":1.4386203289031983,"orthographic":false}